{
	"sources" : 
	[
		{
			"file" : "/home/savvina/hipeac/savvina/superdooperduperbeacon/build_1/_sysbuild/sysbuild/images/CMakeFiles/superdooperduperbeacon"
		},
		{
			"file" : "/home/savvina/hipeac/savvina/superdooperduperbeacon/build_1/_sysbuild/sysbuild/images/CMakeFiles/superdooperduperbeacon.rule"
		},
		{
			"file" : "/home/savvina/hipeac/savvina/superdooperduperbeacon/build_1/_sysbuild/sysbuild/images/CMakeFiles/superdooperduperbeacon-complete.rule"
		},
		{
			"file" : "/home/savvina/hipeac/savvina/superdooperduperbeacon/build_1/_sysbuild/sysbuild/images/superdooperduperbeacon-prefix/src/superdooperduperbeacon-stamp/superdooperduperbeacon-build.rule"
		},
		{
			"file" : "/home/savvina/hipeac/savvina/superdooperduperbeacon/build_1/_sysbuild/sysbuild/images/superdooperduperbeacon-prefix/src/superdooperduperbeacon-stamp/superdooperduperbeacon-configure.rule"
		},
		{
			"file" : "/home/savvina/hipeac/savvina/superdooperduperbeacon/build_1/_sysbuild/sysbuild/images/superdooperduperbeacon-prefix/src/superdooperduperbeacon-stamp/superdooperduperbeacon-download.rule"
		},
		{
			"file" : "/home/savvina/hipeac/savvina/superdooperduperbeacon/build_1/_sysbuild/sysbuild/images/superdooperduperbeacon-prefix/src/superdooperduperbeacon-stamp/superdooperduperbeacon-install.rule"
		},
		{
			"file" : "/home/savvina/hipeac/savvina/superdooperduperbeacon/build_1/_sysbuild/sysbuild/images/superdooperduperbeacon-prefix/src/superdooperduperbeacon-stamp/superdooperduperbeacon-mkdir.rule"
		},
		{
			"file" : "/home/savvina/hipeac/savvina/superdooperduperbeacon/build_1/_sysbuild/sysbuild/images/superdooperduperbeacon-prefix/src/superdooperduperbeacon-stamp/superdooperduperbeacon-patch.rule"
		},
		{
			"file" : "/home/savvina/hipeac/savvina/superdooperduperbeacon/build_1/_sysbuild/sysbuild/images/superdooperduperbeacon-prefix/src/superdooperduperbeacon-stamp/superdooperduperbeacon-update.rule"
		}
	],
	"target" : 
	{
		"labels" : 
		[
			"superdooperduperbeacon"
		],
		"name" : "superdooperduperbeacon"
	}
}